{"b":3.7990100140678744,"":2.7192146762829346,"kurac":8.352911066428252,"a":9.1563268001919269}